"name","slug","sku","description","price","heatLevel","categoryName","featuredImage","isActive","isFeatured","inventory","lowStockThreshold","weight"
"Cherry Hot","cherry-hot","JMS-135","Sweet cherries meet fiery heat in this unique hot salsa with bold flavors.","7","HOT","Salsa","/images/products/cherry-hot.jpg","true","false","50","10","16"
"Green Apple","green-apple","JMS-130","Crisp green apples bring a tart, refreshing twist to this unique fruit salsa.","7","FRUIT","Salsa","/images/products/green-apple.jpg","true","false","50","10","16"
"Ghost of Clovis","ghost-of-clovis","JMS-129","An otherworldly hot salsa featuring ghost peppers that will haunt your taste buds.","7","EXTRA_HOT","Salsa","/images/products/ghost-of-clovis.png","true","false","50","10","16"
"Mango Habanero","mango-habanero","JMS-128","Sweet tropical mango meets spicy habanero peppers in perfect balance.","7","FRUIT","Salsa","/images/products/mango-habanero.png","true","false","50","10","16"
"Peach Mild","peach-mild-1","JMS-124","Sweet, juicy peaches create a delightfully fruity and mild salsa.","7","MILD","Salsa","/images/products/peach-mild.png","true","false","50","10","16"
"Spanish Verde X X Hot","spanish-verde-x-x-hot","JMS-116","A double-extra-hot green salsa made with tomatillos and the hottest peppers.","7","EXTRA_HOT","Salsa","/images/products/spanish-verde-xx-hot.jpg","true","false","50","10","16"
"Spanish Verde Mild","spanish-verde-mild","JMS-115","A mild green salsa with fresh tomatillos and herbs.","7","MILD","Salsa","/images/products/spanish-verde-mild.png","true","false","50","10","16"
"Spanish Verde Hot","spanish-verde-hot","JMS-114","A fiery green salsa with tomatillos and hot peppers for serious heat lovers.","7","HOT","Salsa","/images/products/spanish-verde-hot.jpg","true","false","50","10","16"
"Strawberry Mild","strawberry-mild","JMS-113","Fresh strawberries bring unexpected sweetness to this unique mild salsa.","7","MILD","Salsa","/images/products/strawberry-mild.jpg","true","false","50","10","16"
"Roasted Pineapple Habanero Hot","roasted-pineapple-habanero-hot","JMS-112","Roasted tropical pineapple balances intense habanero heat.","7","HOT","Salsa","/images/products/roasted-pineapple-habanero-hot.jpg","true","false","50","10","16"
"Roasted Garlic &amp; Olives","roasted-garlic-olives","JMS-111","Delicious Roasted Garlic &amp; Olives salsa made with premium ingredients.","7","FRUIT","Salsa","/images/products/roasted-garlic-olives.jpg","true","false","50","10","16"
"Raspberry Mild","raspberry-mild","JMS-110","Tart raspberries create a sophisticated, mildly sweet salsa.","7","MILD","Salsa","/images/products/raspberry-mild.jpg","true","false","50","10","16"
"Raspberry BBQ Chipotle","raspberry-bbq-chipotle","JMS-109","Raspberries meet smoky chipotle and BBQ spices - perfect for grilling.","7","FRUIT","Salsa","/images/products/raspberry-bbq-chipotle.jpg","true","false","50","10","16"
"Pineapple Mild","pineapple-mild","JMS-108","Tropical pineapple brings bright, sweet flavors to this refreshing mild salsa.","7","MILD","Salsa","/images/products/pineapple-mild.jpg","true","false","50","10","16"
"Mango Mild","mango-mild","JMS-107","Ripe mangos blend beautifully with mild spices for a tropical twist.","7","MILD","Salsa","/images/products/mango-mild.jpg","true","false","50","10","16"
"Jamaican Jerk","jamaican-jerk","JMS-106","Caribbean spices and scotch bonnet peppers create authentic Jamaican jerk flavors.","7","FRUIT","Salsa","/images/products/jamaican-jerk.png","true","false","50","10","16"
"Garden Fresh Cilantro Salsa Mild","garden-fresh-cilantro-salsa-mild","JMS-105","Fresh cilantro takes center stage in this bright, herbaceous mild salsa.","7","MILD","Salsa","/images/products/garden-cilantro-mild.jpg","true","false","50","10","16"
"Original Mild","original-mild","JMS-104","Our signature mild salsa made with fresh tomatoes, onions, and perfect spices.","7","MILD","Salsa","/images/products/original-mild.jpg","true","false","50","10","16"
"Garden Fresh Cilantro Salsa Hot","garden-fresh-cilantro-salsa-hot","JMS-103","Fresh cilantro meets fiery peppers in this bright, spicy salsa.","7","HOT","Salsa","/images/products/garden-cilantro-hot.jpg","true","false","50","10","16"
"Original X Hot","original-x-hot","JMS-102","Our hottest salsa yet! Fire-roasted peppers create intense heat and incredible flavor.","7","HOT","Salsa","/images/products/original-x-hot.jpg","true","false","50","10","16"
"Clovis Medium (Original Medium Chunky)","clovis-medium-original-medium-chunky","JMS-101","Our most popular salsa! Perfect balance of flavor and heat.","7","MEDIUM","Salsa","/images/products/clovis-medium.png","true","false","50","10","16"
"Chipotle Con Queso","chipotle-con-queso","JMS-100","Creamy cheese dip with smoky chipotle peppers - perfect for chips.","7","FRUIT","Salsa","/images/products/chipotle-queso.jpg","true","false","50","10","16"
"Chipotle Hot","chipotle-hot","JMS-99","Smoky chipotle peppers deliver intense heat and deep, complex flavors.","7","HOT","Salsa","/images/products/chipotle-hot.webp","true","false","50","10","16"
"Original Hot","original-hot","JMS-98","For heat lovers! This bold salsa packs serious flavor with a kick that builds.","7","HOT","Salsa","/images/products/original-hot.jpg","true","false","50","10","16"
"Cherry Mild","cherry-mild","JMS-97","Sweet cherries create a delightfully fruity and mild salsa.","7","MILD","Salsa","/images/products/cherry-mild.jpg","true","false","50","10","16"
"Cherry Chocolate Hot","cherry-chocolate-hot","JMS-96","Dark cherries and rich chocolate meet scorching heat in this gourmet salsa.","7","HOT","Salsa","/images/products/cherry-chocolate-hot.jpg","true","false","50","10","16"
"Black Bean Corn Pablano","black-bean-corn-pablano","JMS-95","A hearty salsa with black beans, sweet corn, and roasted poblano peppers.","7","FRUIT","Salsa","/images/products/black-bean-corn-poblano.jpg","true","false","50","10","16"