id,name,slug,url,price,heat_level,image_url,local_image,full_description
135,"Cherry Hot",cherry-hot,https://www.josemadridsalsa.com/cherry-hot/,7,HOT,https://cdn11.bigcommerce.com/s-dsk4gx4/images/stencil/500x659/products/135/406/Cherry_Hot_label__14719.1687195811.jpg?c=2,/images/products/cherry-hot.jpg,"Sweet cherries meet fiery heat in this unique hot salsa with bold flavors."
130,"Green Apple",green-apple,https://www.josemadridsalsa.com/green-apple/,7,FRUIT,https://cdn11.bigcommerce.com/s-dsk4gx4/images/stencil/500x659/products/130/380/Green_Apple__63013.1598636519.jpg?c=2,/images/products/green-apple.jpg,"Crisp green apples bring a tart, refreshing twist to this unique fruit salsa."
129,"Ghost of Clovis",ghost-of-clovis,https://www.josemadridsalsa.com/ghost-of-clovis/,7,EXTRA_HOT,https://cdn11.bigcommerce.com/s-dsk4gx4/images/stencil/500x659/products/129/381/Ghost_of_Clovis__19936.1598636571.jpg?c=2,/images/products/ghost-of-clovis.png,"An otherworldly hot salsa featuring ghost peppers that will haunt your taste buds."
128,"Mango Habanero",mango-habanero,https://www.josemadridsalsa.com/mango-habanero/,7,FRUIT,https://cdn11.bigcommerce.com/s-dsk4gx4/images/stencil/500x659/products/128/382/Mango_Habanero__30442.1598636978.jpg?c=2,/images/products/mango-habanero.png,"Sweet tropical mango meets spicy habanero peppers in perfect balance."
124,"Peach Mild",peach-mild-1,https://www.josemadridsalsa.com/peach-mild-1/,7,MILD,https://cdn11.bigcommerce.com/s-dsk4gx4/images/stencil/500x659/products/124/383/Peach_Mild__38780.1598637019.jpg?c=2,/images/products/peach-mild.png,"Sweet, juicy peaches create a delightfully fruity and mild salsa."
116,"Spanish Verde X X Hot",spanish-verde-x-x-hot,https://www.josemadridsalsa.com/spanish-verde-x-x-hot/,7,EXTRA_HOT,https://cdn11.bigcommerce.com/s-dsk4gx4/images/stencil/500x659/products/116/384/Spanish_Verde_XX_Hot__64288.1598637284.jpg?c=2,/images/products/spanish-verde-xx-hot.jpg,"A double-extra-hot green salsa made with tomatillos and the hottest peppers."
115,"Spanish Verde Mild",spanish-verde-mild,https://www.josemadridsalsa.com/spanish-verde-mild/,7,MILD,https://cdn11.bigcommerce.com/s-dsk4gx4/images/stencil/500x659/products/115/385/Spanish_Verde_Mild__36812.1598637464.jpg?c=2,/images/products/spanish-verde-mild.png,"A mild green salsa with fresh tomatillos and herbs."
114,"Spanish Verde Hot",spanish-verde-hot,https://www.josemadridsalsa.com/spanish-verde-hot/,7,HOT,https://cdn11.bigcommerce.com/s-dsk4gx4/images/stencil/500x659/products/114/386/Spanish_Verde_Hot__09344.1598637534.jpg?c=2,/images/products/spanish-verde-hot.jpg,"A fiery green salsa with tomatillos and hot peppers for serious heat lovers."
113,"Strawberry Mild",strawberry-mild,https://www.josemadridsalsa.com/strawberry-mild/,7,MILD,https://cdn11.bigcommerce.com/s-dsk4gx4/images/stencil/500x659/products/113/387/Strawberry_Mild__89052.1598637591.jpg?c=2,/images/products/strawberry-mild.jpg,"Fresh strawberries bring unexpected sweetness to this unique mild salsa."
112,"Roasted Pineapple Habanero Hot",roasted-pineapple-habanero-hot,https://www.josemadridsalsa.com/roasted-pineapple-habanero-hot/,7,HOT,https://cdn11.bigcommerce.com/s-dsk4gx4/images/stencil/500x659/products/112/388/Roasted_Pineapple_Habanero_Hot__39847.1598637646.jpg?c=2,/images/products/roasted-pineapple-habanero-hot.jpg,"Roasted tropical pineapple balances intense habanero heat."
111,"Roasted Garlic &amp; Olives",roasted-garlic-olives,https://www.josemadridsalsa.com/roasted-garlic-olives/,7,FRUIT,https://cdn11.bigcommerce.com/s-dsk4gx4/images/stencil/500x659/products/111/389/Roasted_Garlic_and_Olives__15646.1598637773.jpg?c=2,/images/products/roasted-garlic-olives.jpg,"Delicious Roasted Garlic &amp; Olives salsa made with premium ingredients."
110,"Raspberry Mild",raspberry-mild,https://www.josemadridsalsa.com/raspberry-mild/,7,MILD,https://cdn11.bigcommerce.com/s-dsk4gx4/images/stencil/500x659/products/110/390/Raspberry_Mild__85276.1598637838.jpg?c=2,/images/products/raspberry-mild.jpg,"Tart raspberries create a sophisticated, mildly sweet salsa."
109,"Raspberry BBQ Chipotle",raspberry-bbq-chipotle,https://www.josemadridsalsa.com/raspberry-bbq-chipotle/,7,FRUIT,https://cdn11.bigcommerce.com/s-dsk4gx4/images/stencil/500x659/products/109/391/Raspberry_BBQ_Chipotle__99156.1598637913.jpg?c=2,/images/products/raspberry-bbq-chipotle.jpg,"Raspberries meet smoky chipotle and BBQ spices - perfect for grilling."
108,"Pineapple Mild",pineapple-mild,https://www.josemadridsalsa.com/pineapple-mild/,7,MILD,https://cdn11.bigcommerce.com/s-dsk4gx4/images/stencil/500x659/products/108/392/Pineapple_Mild__67860.1598637995.jpg?c=2,/images/products/pineapple-mild.jpg,"Tropical pineapple brings bright, sweet flavors to this refreshing mild salsa."
107,"Mango Mild",mango-mild,https://www.josemadridsalsa.com/mango-mild/,7,MILD,https://cdn11.bigcommerce.com/s-dsk4gx4/images/stencil/500x659/products/107/393/Mango_Mild__01440.1598638138.jpg?c=2,/images/products/mango-mild.jpg,"Ripe mangos blend beautifully with mild spices for a tropical twist."
106,"Jamaican Jerk",jamaican-jerk,https://www.josemadridsalsa.com/jamaican-jerk/,7,FRUIT,https://cdn11.bigcommerce.com/s-dsk4gx4/images/stencil/500x659/products/106/394/Jamaican_Jerk__86674.1598638203.jpg?c=2,/images/products/jamaican-jerk.png,"Caribbean spices and scotch bonnet peppers create authentic Jamaican jerk flavors."
105,"Garden Fresh Cilantro Salsa Mild",garden-fresh-cilantro-salsa-mild,https://www.josemadridsalsa.com/garden-fresh-cilantro-salsa-mild/,7,MILD,https://cdn11.bigcommerce.com/s-dsk4gx4/images/stencil/500x659/products/105/395/Garden_Cilantro_Salsa_Mild__45709.1598638324.jpg?c=2,/images/products/garden-cilantro-mild.jpg,"Fresh cilantro takes center stage in this bright, herbaceous mild salsa."
104,"Original Mild",original-mild,https://www.josemadridsalsa.com/original-mild/,7,MILD,https://cdn11.bigcommerce.com/s-dsk4gx4/images/stencil/500x659/products/104/396/Mild__16743.1598638563.jpg?c=2,/images/products/original-mild.jpg,"Our signature mild salsa made with fresh tomatoes, onions, and perfect spices."
103,"Garden Fresh Cilantro Salsa Hot",garden-fresh-cilantro-salsa-hot,https://www.josemadridsalsa.com/garden-fresh-cilantro-salsa-hot/,7,HOT,https://cdn11.bigcommerce.com/s-dsk4gx4/images/stencil/500x659/products/103/397/Garden_Cilantro_Salsa_Hot__36387.1598638633.jpg?c=2,/images/products/garden-cilantro-hot.jpg,"Fresh cilantro meets fiery peppers in this bright, spicy salsa."
102,"Original X Hot",original-x-hot,https://www.josemadridsalsa.com/original-x-hot/,7,HOT,https://cdn11.bigcommerce.com/s-dsk4gx4/images/stencil/500x659/products/102/398/X_Hot__38172.1598638746.jpg?c=2,/images/products/original-x-hot.jpg,"Our hottest salsa yet! Fire-roasted peppers create intense heat and incredible flavor."
101,"Clovis Medium (Original Medium Chunky)",clovis-medium-original-medium-chunky,https://www.josemadridsalsa.com/clovis-medium-original-medium-chunky/,7,MEDIUM,https://cdn11.bigcommerce.com/s-dsk4gx4/images/stencil/500x659/products/101/399/Clovis_Medium__36097.1598638866.jpg?c=2,/images/products/clovis-medium.png,"Our most popular salsa! Perfect balance of flavor and heat."
100,"Chipotle Con Queso",chipotle-con-queso,https://www.josemadridsalsa.com/chipotle-con-queso/,7,FRUIT,https://cdn11.bigcommerce.com/s-dsk4gx4/images/stencil/500x659/products/100/400/Chipotle_Con_Queso__99393.1598639074.jpg?c=2,/images/products/chipotle-queso.jpg,"Creamy cheese dip with smoky chipotle peppers - perfect for chips."
99,"Chipotle Hot",chipotle-hot,https://www.josemadridsalsa.com/chipotle-hot/,7,HOT,https://cdn11.bigcommerce.com/s-dsk4gx4/images/stencil/500x659/products/99/401/Chipotle_Hot__16754.1598639183.jpg?c=2,/images/products/chipotle-hot.webp,"Smoky chipotle peppers deliver intense heat and deep, complex flavors."
98,"Original Hot",original-hot,https://www.josemadridsalsa.com/original-hot/,7,HOT,https://cdn11.bigcommerce.com/s-dsk4gx4/images/stencil/500x659/products/98/402/Hot__33236.1598640149.jpg?c=2,/images/products/original-hot.jpg,"For heat lovers! This bold salsa packs serious flavor with a kick that builds."
97,"Cherry Mild",cherry-mild,https://www.josemadridsalsa.com/cherry-mild/,7,MILD,https://cdn11.bigcommerce.com/s-dsk4gx4/images/stencil/500x659/products/97/403/Cherry_Mild__69147.1598639803.jpg?c=2,/images/products/cherry-mild.jpg,"Sweet cherries create a delightfully fruity and mild salsa."
96,"Cherry Chocolate Hot",cherry-chocolate-hot,https://www.josemadridsalsa.com/cherry-chocolate-hot/,7,HOT,https://cdn11.bigcommerce.com/s-dsk4gx4/images/stencil/500x659/products/96/404/Cherry_Chocolate_Hot__74392.1648351357.jpg?c=2,/images/products/cherry-chocolate-hot.jpg,"Dark cherries and rich chocolate meet scorching heat in this gourmet salsa."
95,"Black Bean Corn Pablano",black-bean-corn-pablano,https://www.josemadridsalsa.com/black-bean-corn-pablano/,7,FRUIT,https://cdn11.bigcommerce.com/s-dsk4gx4/images/stencil/500x659/products/95/405/Black_Bean_Corn_Poblano_Salsa__93523.1598640064.jpg?c=2,/images/products/black-bean-corn-poblano.jpg,"A hearty salsa with black beans, sweet corn, and roasted poblano peppers."
